"channel","delivery_rate"
Email,0.69873928391326273323
WhatsApp,0.69899030290912726182
SMS,0.70233812949640287770
Call,0.68949771689497716895
