"total_orders","gmv","aov","repeat_purchase_pct","on_time_delivery_pct","rto_pct","avg_shipment_tat_hours","courier_delay_pct","whatsapp_o2c_connect_rate","avg_resolution_time_hours","escalation_rate","avg_csat","vet_adoption_pct","avg_vet_call_duration_minutes"
10000,20692426,2069.2410233779906,0.35310000000000000000,0.43110000000000000000,0.07370000000000000000,111.5721000000000000,0.09940000000000000000,0.58223684210526315789,100.18980000000000000000,0.29300000000000000000,3.0344000000000000,0.28130000000000000000,15.508535483195754
